{
    "front_right_camera-intrinsic": {
        "sensor_name": "front_right_camera",
        "target_sensor_name": "front_right_camera",
        "device_type": "camera",
        "param_type": "intrinsic",
        "param": {
            "img_dist_w": 1920,
            "img_dist_h": 1200,
            "img_dist_type": "newK",
            "cam_K": {
                "rows": 3,
                "cols": 3,
                "type": 6,
                "continuous": true,
                "data": [
                    [
                        1987.52101042797,
                        0,
                        980.108841324773
                    ],
                    [
                        0,
                        1998.46248689284,
                        570.747174431322
                    ],
                    [
                        0,
                        0,
                        1.0
                    ]
                ]
            },
            "cam_dist": {
                "rows": 1,
                "cols": 4,
                "type": 6,
                "continuous": true,
                "data": [
                    [
                        -0.0659682904430574,
                        -0.00958223220154498,
                        -0.00255428547279334,
                        0.00106316670648788
                    ]
                ]
            }
        }
    }
}
