{
    "back_camera-intrinsic": {
        "sensor_name": "back_camera",
        "target_sensor_name": "back_camera",
        "device_type": "camera",
        "param_type": "intrinsic",
        "param": {
            "img_dist_w": 1280,
            "img_dist_h": 960,
            "cam_K": {
                "rows": 3,
                "cols": 3,
                "type": 6,
                "continuous": true,
                "data": [
                    [
                        0.999788948448044,
                        0.00003488060726940428,
                        644.5865668175073
                    ],
                    [
                       -0.0002203428711490904,
                        1,
                        492.7362068730499
                    ],
                    [
                        0.00000000,   0.00000000,   1.00000000
                    ]
                ]
            },
            "cam_dist": {
                "rows": 1,
                "cols": 11,
                "type": 6,
                "continuous": true,
                "data": [
                    [
 628.468696235116,
                        470.664502897763,
                        -2.61449147482008,
                        19.1642591526786,
                        77.973710823912,
                        -28.0854832332367,
                        -37.7131145778774,
                        93.052208882145,
                        128.900048000293,
                        59.3049083914134,
                        9.68394971047023
                    ]
                ]
            }
        }
    }
}
