{
    "front_camera-intrinsic": {
        "sensor_name": "front_camera",
        "target_sensor_name": "front_camera",
        "device_type": "camera",
        "param_type": "intrinsic",
        "param": {
            "img_dist_w": 1280,
            "img_dist_h": 960,
            "cam_K": {
                "rows": 3,
                "cols": 3,
                "type": 6,
                "continuous": true,
                "data": [
                    [
                        0.999838380441138,
                        0.0004930391795583601,
                        648.5992811830847
                    ],
                    [
                       0.0002399186063006992,
                        1,
                        481.3627675101494
                    ],
                    [
                        0.00000000,   0.00000000,   1.00000000
                    ]
                ]
            },
            "cam_dist": {
                "rows": 1,
                "cols": 11,
                "type": 6,
                "continuous": true,
                "data": [
                    [
                        627.927477776227,
                        466.028077028629,
                        -2.8986629308847,
                        24.2220612718414,
                        72.6950631423446,
                        -33.3800489422008,
                        -23.5185216191834,
                        114.225279210139,
                        139.347809599797,
                        61.1223487329993,
                        9.684055492906211
                    ]
                ]
            }
        }
    }
}
