{
    "right_camera-intrinsic": {
        "sensor_name": "right_camera",
        "target_sensor_name": "right_camera",
        "device_type": "camera",
        "param_type": "intrinsic",
        "param": {
            "img_dist_w": 1280,
            "img_dist_h": 960,
            "cam_K": {
                "rows": 3,
                "cols": 3,
                "type": 6,
                "continuous": true,
                "data": [
                    [
                        0.999971080607693,
                        -0.00006825612949804715,
                        643.8368538837824
                    ],
                    [
                        -0.00006042894325560882,
                        1,
                        491.3267194355512
                    ],
                    [
                       0.00000000,   0.00000000,   1.00000000
                    ]
                ]
            },
            "cam_dist": {
                "rows": 1,
                "cols": 11,
                "type": 6,
                "continuous": true,
                "data": [
                    [
627.821183370425,
                        469.905313512998,
                        5.16267083053787,
                        24.7982818816572,
                        69.5665124104283,
                        -25.6866868210578,
                        -18.8484538055221,
                        99.6539341898493,
                        119.856948285842,
                        52.0675703508045,
                        8.17970362652502
                    ]
                ]
            }
        }
    }
}
