{
    "camera0-board0": {
        "angle_range": [
            300.0,
            60.0
        ],
        "bestdist": 2.8036129071848235,
        "bestpos": [
            4.8036129071848235,
            0.0,
            1.0
        ],
        "dmax": 6.6510751010644915,
        "dmin": 1.1547005383792517,
        "origin_pt": [
            2.0,
            0.0
        ],
        "side_angle_range": [
            27.0,
            -27.0
        ],
        "side_dmax": 6.6510751010644915,
        "side_dmin": 1.1547005383792517,
        "side_pt": [
            0,
            0
        ]
    },
    "camera1-board1": {
        "angle_range": [
            130.0,
            230.0
        ],
        "bestdist": 3.650505747527025,
        "bestpos": [
            -5.650505747527025,
            4.470580178977987e-16,
            0.7
        ],
        "dmax": 9.666427751162265,
        "dmin": 1.0722534602547793,
        "origin_pt": [
            -2.0,
            0.0
        ],
        "side_angle_range": [
            22.5,
            -22.5
        ],
        "side_dmax": 9.666427751162265,
        "side_dmin": 1.0722534602547793,
        "side_pt": [
            0,
            0
        ]
    },
    "camera2-board2": {
        "angle_range": [
            85.0,
            175.0
        ],
        "bestdist": 3.6435408230541286,
        "bestpos": [
            -1.3420228964462897,
            3.7911142007777627,
            0.7
        ],
        "dmax": 8.82483198473063,
        "dmin": 1.6094757082487299,
        "origin_pt": [
            1.0,
            1.0
        ],
        "side_angle_range": [
            20.25,
            -20.25
        ],
        "side_dmax": 8.82483198473063,
        "side_dmin": 1.6094757082487299,
        "side_pt": [
            0,
            0
        ]
    },
    "lidar3-board3": {
        "angle_range": [
            250.0,
            315.0
        ],
        "bestdist": 5.0667740401980215,
        "bestpos": [
            2.0966506171720596,
            -5.946671264424261,
            0.7
        ],
        "dmax": 10.313198424418747,
        "dmin": 3.0071390024413716,
        "origin_pt": [
            1.0,
            -1.0
        ],
        "side_angle_range": [
            11.25,
            -11.25
        ],
        "side_dmax": 10.313198424418747,
        "side_dmin": 3.0071390024413716,
        "side_pt": [
            0,
            0
        ]
    },
    "lidar4-board4": {
        "angle_range": [
            10.0,
            45.0
        ],
        "bestdist": 4.802571055804257,
        "bestpos": [
            3.2599325536065455,
            3.217580524980328,
            0.7
        ],
        "dmax": 10.313198424418747,
        "dmin": 3.0071390024413716,
        "origin_pt": [
            -1.0,
            1.0
        ],
        "side_angle_range": [
            11.25,
            -11.25
        ],
        "side_dmax": 10.313198424418747,
        "side_dmin": 3.0071390024413716,
        "side_pt": [
            0,
            0
        ]
    },
    "mode": "Fix Sensors"
}