{
    "camera0-board0": {
        "dmin": 0.7794228634059949,
        "joint_pt": [
            4.393782217350893,
            1.0000000000000004
        ],
        "p1": [
            5.0,
            2.05
        ],
        "p1_line_angle": 240.0,
        "p1_line_vector": [
            -0.5000000000000004,
            -0.8660254037844385
        ],
        "p2": [
            5.0,
            -0.050000000000000044
        ],
        "p2_line_angle": 120.0,
        "p2_line_vector": [
            -0.4999999999999998,
            0.8660254037844387
        ],
        "side_dmax": 4.5,
        "side_dmin": 0.5,
        "side_joint_pt": [
            0.779422863405995,
            -0.0
        ],
        "side_p1": [
            0,
            0.45
        ],
        "side_p1_line_angle": -30.0,
        "side_p1_line_vector": [
            0.8660254037844387,
            -0.49999999999999994
        ],
        "side_p2": [
            0,
            -0.45
        ],
        "side_p2_line_angle": 30.0,
        "side_p2_line_vector": [
            0.8660254037844387,
            0.49999999999999994
        ]
    },
    "mode": "Fix Boards"
}