{
    "center_camera-intrinsic": {
        "sensor_name": "center_camera",
        "target_sensor_name": "center_camera",
        "device_type": "camera",
        "param_type": "intrinsic",
        "param": {
            "img_dist_w": 1920,
            "img_dist_h": 1080,
            "cam_K": {
                "rows": 3,
                "cols": 3,
                "type": 6,
                "continuous": true,
                "data": [
                    [
                        2109.75,
                        0,
                        949.828
                    ],
                    [
                        0,
                        2071.72,
                        576.237
                    ],
                    [
                        0,
                        0,
                        1
                    ]
                ]
            },
            "cam_dist": {
                "rows": 1,
                "cols": 4,
                "type": 6,
                "continuous": true,
                "data": [
                    [
                        -0.10814499855041504,
                        0.1386680006980896,
                        -0.0037975700106471777,
                        -0.004841269925236702
                    ]
                ]
            }
        }
    }
}
