{
	"front_center_camera_calibration" : 
	{
		"device_type" : "camera",
		"param" : 
		{
			"blinding_area_param" : 
			{
				"blinding_area_distance" : 4.587542018708203,
				"blinding_area_pixel_height" : 561
			},
			"h_matrix" : 
			{
				"cols" : 3,
				"continuous" : true,
				"data" : 
				[
					[
						3.8532303353121231e-05,
						-1.0169048865442198e-06,
						-4.4693532847889088
					],
					[
						0.0025330069392499018,
						-7.017326697727699e-05,
						-1.6223423908597219
					],
					[
						3.8531869052860659e-06,
						-0.0025870941767012576,
						1
					]
				],
				"rows" : 3,
				"type" : 6
			},
			"vanishing_point" : 
			{
				"vanishing_pt_x" : 651.21606321686977,
				"vanishing_pt_y" : 387.5039247634212
			}
		},
		"param_type" : "calibration",
		"sensor_name" : "front_center_camera",
		"target_sensor_name" : "front_center_camera"
	}
}